name,gender,eye_color,snp_var_name,snp_value,eff_value,product,height,mass,hair_color,skin_color,birth_year,homeworld,species
Luke Skywalker,male,blue,rs10808746,1,1,1,172,77,blond,fair,19,Tatooine,Human
C-3PO,NA,yellow,rs10808746,11.911928678420372,1,11.911928678420372,167,75,NA,gold,112,Tatooine,Droid
R2-D2,NA,red,rs10808746,10.649964723992161,1,10.649964723992161,96,32,NA,"white, blue",33,Naboo,Droid
Darth Vader,male,yellow,rs10808746,7.818881907826289,1,7.818881907826289,202,136,none,white,41.9,Tatooine,Human
Luke Skywalker,male,blue,rs11556505,19.6,34.1,668.3600000000001,172,77,blond,fair,19,Tatooine,Human
C-3PO,NA,yellow,rs11556505,0.3780827102484181,34.1,12.892620419471058,167,75,NA,gold,112,Tatooine,Droid
R2-D2,NA,red,rs11556505,4.927946454647462,34.1,168.04297410347846,96,32,NA,"white, blue",33,Naboo,Droid
Darth Vader,male,yellow,rs11556505,14.630029557785019,34.1,498.8840079204692,202,136,none,white,41.9,Tatooine,Human
Luke Skywalker,male,blue,rs2075650,38.2,67.2,2567.0400000000004,172,77,blond,fair,19,Tatooine,Human
C-3PO,NA,yellow,rs2075650,14.792173596262,67.2,994.0340656688064,167,75,NA,gold,112,Tatooine,Droid
R2-D2,NA,red,rs2075650,15.027267251943703,67.2,1009.8323593306169,96,32,NA,"white, blue",33,Naboo,Droid
Darth Vader,male,yellow,rs2075650,8.182967735978309,67.2,549.8954318577424,202,136,none,white,41.9,Tatooine,Human
Luke Skywalker,male,blue,rs2143571,56.800000000000004,100.30000000000001,5697.040000000001,172,77,blond,fair,19,Tatooine,Human
C-3PO,NA,yellow,rs2143571,11.599665037728846,100.30000000000001,1163.4464032842034,167,75,NA,gold,112,Tatooine,Droid
R2-D2,NA,red,rs2143571,5.783002340595703,100.30000000000001,580.0351347617491,96,32,NA,"white, blue",33,Naboo,Droid
Darth Vader,male,yellow,rs2143571,10.546588666713797,100.30000000000001,1057.822843271394,202,136,none,white,41.9,Tatooine,Human
Luke Skywalker,male,blue,rs2283228,75.4,133.4,10058.36,172,77,blond,fair,19,Tatooine,Human
C-3PO,NA,yellow,rs2283228,8.864256440161261,133.4,1182.4918091175123,167,75,NA,gold,112,Tatooine,Droid
R2-D2,NA,red,rs2283228,12.695938261365518,133.4,1693.63816406616,96,32,NA,"white, blue",33,Naboo,Droid
Darth Vader,male,yellow,rs2283228,11.08614164282335,133.4,1478.891295152635,202,136,none,white,41.9,Tatooine,Human
Luke Skywalker,male,blue,rs2896019,94,166.5,15651,172,77,blond,fair,19,Tatooine,Human
C-3PO,NA,yellow,rs2896019,10.933401247404982,166.5,1820.4113076929295,167,75,NA,gold,112,Tatooine,Droid
R2-D2,NA,red,rs2896019,2.9312781672575507,166.5,488.0578148483822,96,32,NA,"white, blue",33,Naboo,Droid
Darth Vader,male,yellow,rs2896019,12.889008694211952,166.5,2146.01994758629,202,136,none,white,41.9,Tatooine,Human
Luke Skywalker,male,blue,rs429358,112.60000000000001,199.60000000000002,22474.960000000003,172,77,blond,fair,19,Tatooine,Human
C-3PO,NA,yellow,rs429358,5.946111887320876,199.60000000000002,1186.843932709247,167,75,NA,gold,112,Tatooine,Droid
R2-D2,NA,red,rs429358,11.106100871006491,199.60000000000002,2216.777733852896,96,32,NA,"white, blue",33,Naboo,Droid
Darth Vader,male,yellow,rs429358,10.80020254208939,199.60000000000002,2155.720427401043,202,136,none,white,41.9,Tatooine,Human
Luke Skywalker,male,blue,rs4402960,131.20000000000002,232.70000000000002,30530.240000000005,172,77,blond,fair,19,Tatooine,Human
C-3PO,NA,yellow,rs4402960,10.233713841671124,232.70000000000002,2381.3852109568707,167,75,NA,gold,112,Tatooine,Droid
R2-D2,NA,red,rs4402960,1.4196518768090753,232.70000000000002,330.35299173347187,96,32,NA,"white, blue",33,Naboo,Droid
Darth Vader,male,yellow,rs4402960,9.93005207106471,232.70000000000002,2310.7231169367583,202,136,none,white,41.9,Tatooine,Human
Luke Skywalker,male,blue,rs6006611,149.8,265.8,39816.840000000004,172,77,blond,fair,19,Tatooine,Human
C-3PO,NA,yellow,rs6006611,4.965532313764561,265.8,1319.8384889986203,167,75,NA,gold,112,Tatooine,Droid
R2-D2,NA,red,rs6006611,5.222818140720483,265.8,1388.2250618035043,96,32,NA,"white, blue",33,Naboo,Droid
Darth Vader,male,yellow,rs6006611,14.970662229659501,265.8,3979.2020206434954,202,136,none,white,41.9,Tatooine,Human
Luke Skywalker,male,blue,rs738409,168.4,298.90000000000003,50334.76000000001,172,77,blond,fair,19,Tatooine,Human
C-3PO,NA,yellow,rs738409,2.519470483367331,298.90000000000003,753.0697274784953,167,75,NA,gold,112,Tatooine,Droid
R2-D2,NA,red,rs738409,7.16403651345754,298.90000000000003,2141.330513872459,96,32,NA,"white, blue",33,Naboo,Droid
Darth Vader,male,yellow,rs738409,9.043477930733934,298.90000000000003,2703.095553496373,202,136,none,white,41.9,Tatooine,Human
Luke Skywalker,male,blue,rs7412,187,332,62084,172,77,blond,fair,19,Tatooine,Human
C-3PO,NA,yellow,rs7412,13.964782410382758,332,4636.307760247076,167,75,NA,gold,112,Tatooine,Droid
R2-D2,NA,red,rs7412,3.2945451607578433,332,1093.788993371604,96,32,NA,"white, blue",33,Naboo,Droid
Darth Vader,male,yellow,rs7412,12.108869979064911,332,4020.1448330495505,202,136,none,white,41.9,Tatooine,Human
Luke Skywalker,male,blue,rs7901695,205.60000000000002,365.1,75064.56000000001,172,77,blond,fair,19,Tatooine,Human
C-3PO,NA,yellow,rs7901695,8.697265334660187,365.1,3175.3715736844347,167,75,NA,gold,112,Tatooine,Droid
R2-D2,NA,red,rs7901695,4.114516408753116,365.1,1502.2099408357626,96,32,NA,"white, blue",33,Naboo,Droid
Darth Vader,male,yellow,rs7901695,10.811801993998232,365.1,3947.3889080087547,202,136,none,white,41.9,Tatooine,Human
Luke Skywalker,male,blue,rs8181588,224.20000000000002,398.20000000000005,89276.44000000002,172,77,blond,fair,19,Tatooine,Human
C-3PO,NA,yellow,rs8181588,0.7476618412183598,398.20000000000005,297.71894517315087,167,75,NA,gold,112,Tatooine,Droid
R2-D2,NA,red,rs8181588,14.08567796938587,398.20000000000005,5608.916967409454,96,32,NA,"white, blue",33,Naboo,Droid
Darth Vader,male,yellow,rs8181588,4.075100399565417,398.20000000000005,1622.7049791069494,202,136,none,white,41.9,Tatooine,Human
Luke Skywalker,male,blue,rs9331888,242.8,431.3,104719.64000000001,172,77,blond,fair,19,Tatooine,Human
C-3PO,NA,yellow,rs9331888,15.321221787377725,431.3,6608.0429568960135,167,75,NA,gold,112,Tatooine,Droid
R2-D2,NA,red,rs9331888,5.0959745957865374,431.3,2197.8938431627334,96,32,NA,"white, blue",33,Naboo,Droid
Darth Vader,male,yellow,rs9331888,0.8011447706376202,431.3,345.53373957600564,202,136,none,white,41.9,Tatooine,Human
Luke Skywalker,male,blue,rs9331942,261.40000000000003,464.40000000000003,121394.16000000002,172,77,blond,fair,19,Tatooine,Human
C-3PO,NA,yellow,rs9331942,12.883006228180601,464.40000000000003,5982.868092367072,167,75,NA,gold,112,Tatooine,Droid
R2-D2,NA,red,rs9331942,8.774270559183787,464.40000000000003,4074.771247684951,96,32,NA,"white, blue",33,Naboo,Droid
Darth Vader,male,yellow,rs9331942,6.7777274123509414,464.40000000000003,3147.5766102957773,202,136,none,white,41.9,Tatooine,Human
Luke Skywalker,male,blue,rs985421,280,497.5,139300,172,77,blond,fair,19,Tatooine,Human
C-3PO,NA,yellow,rs985421,13.707621508149895,497.5,6819.541700304573,167,75,NA,gold,112,Tatooine,Droid
R2-D2,NA,red,rs985421,3.5830900794127953,497.5,1782.5873145078656,96,32,NA,"white, blue",33,Naboo,Droid
Darth Vader,male,yellow,rs985421,8.488432450778783,497.5,4222.995144262444,202,136,none,white,41.9,Tatooine,Human
Luke Skywalker,male,blue,rs9877502,298.6,530.6,158437.16000000003,172,77,blond,fair,19,Tatooine,Human
C-3PO,NA,yellow,rs9877502,10.68948060676921,530.6,5671.838409951743,167,75,NA,gold,112,Tatooine,Droid
R2-D2,NA,red,rs9877502,12.562641999078913,530.6,6665.7378447112715,96,32,NA,"white, blue",33,Naboo,Droid
Darth Vader,male,yellow,rs9877502,2.3892310313531198,530.6,1267.7259852359655,202,136,none,white,41.9,Tatooine,Human
